,name
0,1102
1,1103
2,1104
3,1108
4,1109
5,1110
6,1201
7,1203
8,1210
9,1215
10,1216
11,1217
12,1218
13,1219
14,1220
15,1225
16,1227
17,1229
18,1231
19,1232
20,1233
21,1234
22,1235
23,1236
24,1256
25,1301
26,1303
27,1304
28,1305
29,1307
30,1308
31,1309
32,1310
33,1312
34,1313
35,1314
36,1315
37,1316
38,1319
39,1321
40,1323
41,1324
42,1325
43,1326
44,1337
45,1338
46,1339
47,1340
48,1402
49,1409
50,1410
51,1413
52,1414
53,1416
54,1417
55,1419
56,1423
57,1432
58,1434
59,1435
60,1436
61,1437
62,1438
63,1439
64,1440
65,1441
66,1442
67,1443
68,1444
69,1445
70,1446
71,1447
72,1449
73,1451
74,1452
75,1453
76,1454
77,1455
78,1456
79,1457
80,1459
81,1460
82,1463
83,1464
84,1465
85,1466
86,1467
87,1468
88,1470
89,1473
90,1474
91,1475
92,1476
93,1477
94,1503
95,1504
96,1506
97,1507
98,1513
99,1514
100,1515
101,1516
102,1517
103,1519
104,1521
105,1522
106,1524
107,1525
108,1526
109,1527
110,1528
111,1529
112,1530
113,1531
114,1532
115,1533
116,1535
117,1536
118,1537
119,1538
120,1539
121,1540
122,1541
123,1558
124,1560
125,1568
126,1582
127,1583
128,1587
129,1589
130,1590
131,1592
132,1597
133,1598
134,1603
135,1604
136,1605
137,1608
138,1609
139,1611
140,1612
141,1614
142,1615
143,1616
144,1617
145,1618
146,1626
147,1701
148,1702
149,1707
150,1708
151,1709
152,1710
153,1711
154,1712
155,1713
156,1714
157,1717
158,1718
159,1720
160,1721
161,1722
162,1723
163,1724
164,1725
165,1726
166,1727
167,1730
168,1731
169,1732
170,1733
171,1734
172,1735
173,1736
174,1737
175,1760
176,1762
177,1773
178,1776
179,1783
180,1786
181,1789
182,1795
183,1802
184,1805
185,1806
186,1808
187,1809
188,1810
189,1817
190,1903
191,1904
192,1905
193,1906
194,1907
195,1909
196,2002
197,2006
198,2007
199,2008
200,2009
201,2010
202,2012
203,2013
204,2014
205,2015
206,2017
207,2020
208,2022
209,2023
210,2024
211,2027
212,2028
213,2029
214,2030
215,2031
216,2032
217,2033
218,2034
219,2038
220,2049
221,2059
222,2062
223,2069
224,2101
225,2102
226,2103
227,2104
228,2105
229,2106
230,2107
231,2108
232,2109
233,2114
234,2115
235,2201
236,2204
237,2206
238,2207
239,2208
240,2228
241,2231
242,2233
243,2236
244,2239
245,2243
246,2301
247,2302
248,2303
249,2305
250,2308
251,2312
252,2313
253,2314
254,2316
255,2317
256,2321
257,2323
258,2324
259,2327
260,2328
261,2329
262,2330
263,2331
264,2332
265,2337
266,2338
267,2340
268,2342
269,2344
270,2345
271,2347
272,2348
273,2349
274,2351
275,2352
276,2353
277,2354
278,2355
279,2356
280,2357
281,2358
282,2359
283,2360
284,2362
285,2363
286,2365
287,2367
288,2368
289,2369
290,2371
291,2373
292,2374
293,2375
294,2376
295,2377
296,2379
297,2380
298,2382
299,2383
300,2385
301,2387
302,2388
303,2390
304,2392
305,2393
306,2395
307,2397
308,2399
309,2401
310,2402
311,2404
312,2405
313,2406
314,2408
315,2409
316,2412
317,2413
318,2414
319,2415
320,2417
321,2419
322,2420
323,2421
324,2423
325,2425
326,2426
327,2427
328,2428
329,2429
330,2430
331,2431
332,2433
333,2434
334,2436
335,2438
336,2439
337,2440
338,2441
339,2442
340,2443
341,2444
342,2449
343,2450
344,2451
345,2453
346,2454
347,2455
348,2456
349,2457
350,2458
351,2459
352,2460
353,2461
354,2462
355,2464
356,2465
357,2466
358,2467
359,2468
360,2471
361,2472
362,2474
363,2476
364,2477
365,2478
366,2480
367,2481
368,2482
369,2483
370,2484
371,2485
372,2486
373,2488
374,2489
375,2491
376,2492
377,2493
378,2495
379,2496
380,2497
381,2498
382,2501
383,2504
384,2505
385,2506
386,2509
387,2511
388,2514
389,2515
390,2516
391,2520
392,2524
393,2527
394,2528
395,2530
396,2534
397,2535
398,2536
399,2537
400,2538
401,2539
402,2540
403,2542
404,2543
405,2545
406,2546
407,2547
408,2548
409,2597
410,2601
411,2603
412,2605
413,2606
414,2607
415,2608
416,2609
417,2610
418,2611
419,2612
420,2613
421,2614
422,2615
423,2616
424,2617
425,2618
426,2633
427,2634
428,2636
429,2637
430,2642
431,2701
432,2702
433,2704
434,2705
435,2706
436,2707
437,2722
438,2723
439,2727
440,2731
441,2739
442,2748
443,2801
444,2809
445,2812
446,2816
447,2820
448,2823
449,2832
450,2834
451,2836
452,2838
453,2841
454,2845
455,2849
456,2850
457,2851
458,2852
459,2855
460,2867
461,2880
462,2881
463,2882
464,2883
465,2884
466,2885
467,2886
468,2887
469,2888
470,2889
471,2890
472,2891
473,2892
474,2897
475,2901
476,2903
477,2904
478,2905
479,2906
480,2908
481,2911
482,2912
483,2913
484,2915
485,2929
486,2936
487,2939
488,3002
489,3003
490,3004
491,3005
492,3006
493,3008
494,3010
495,3011
496,3013
497,3014
498,3015
499,3016
500,3017
501,3018
502,3019
503,3021
504,3022
505,3023
506,3024
507,3025
508,3026
509,3027
510,3028
511,3029
512,3030
513,3031
514,3032
515,3033
516,3034
517,3035
518,3036
519,3037
520,3038
521,3040
522,3041
523,3042
524,3043
525,3044
526,3045
527,3046
528,3047
529,3048
530,3049
531,3050
532,3051
533,3052
534,3054
535,3055
536,3056
537,3057
538,3058
539,3059
540,3060
541,3062
542,3090
543,3094
544,3130
545,3149
546,3164
547,3167
548,3189
549,3209
550,3231
551,3257
552,3266
553,3296
554,3305
555,3308
556,3311
557,3312
558,3321
559,3338
560,3346
561,3356
562,3376
563,3380
564,3383
565,3406
566,3413
567,3416
568,3419
569,3432
570,3437
571,3443
572,3450
573,3454
574,3481
575,3494
576,3501
577,3504
578,3515
579,3518
580,3528
581,3530
582,3532
583,3533
584,3535
585,3543
586,3545
587,3550
588,3557
589,3563
590,3576
591,3583
592,3588
593,3591
594,3593
595,3596
596,3605
597,3607
598,3617
599,3622
600,3645
601,3653
602,3661
603,3665
604,3669
605,3673
606,3679
607,3682
608,3686
609,3694
610,3702
611,3703
612,3704
613,3705
614,3706
615,3708
616,3711
617,3712
618,3714
619,4104
620,4106
621,4108
622,4119
623,4133
624,4137
625,4141
626,4142
627,4148
628,4155
629,4164
630,4190
631,4306
632,4414
633,4426
634,4438
635,4439
636,4526
637,4532
638,4536
639,4540
640,4545
641,4551
642,4552
643,4555
644,4557
645,4560
646,4562
647,4564
648,4566
649,4571
650,4572
651,4576
652,4581
653,4720
654,4722
655,4737
656,4739
657,4746
658,4755
659,4763
660,4764
661,4766
662,4807
663,4904
664,4906
665,4912
666,4915
667,4916
668,4919
669,4927
670,4930
671,4934
672,4935
673,4938
674,4942
675,4943
676,4952
677,4956
678,4958
679,4960
680,4961
681,4967
682,4968
683,4976
684,4977
685,4989
686,4994
687,4999
688,5007
689,5203
690,5215
691,5225
692,5234
693,5243
694,5258
695,5269
696,5283
697,5284
698,5285
699,5288
700,5388
701,5434
702,5469
703,5471
704,5484
705,5515
706,5519
707,5521
708,5522
709,5525
710,5531
711,5533
712,5534
713,5538
714,5546
715,5607
716,5608
717,5706
718,5871
719,5876
720,5880
721,5906
722,5907
723,6005
724,6024
725,6108
726,6112
727,6115
728,6116
729,6117
730,6120
731,6128
732,6133
733,6136
734,6139
735,6141
736,6142
737,6152
738,6153
739,6155
740,6164
741,6165
742,6166
743,6168
744,6172
745,6176
746,6177
747,6183
748,6184
749,6189
750,6191
751,6192
752,6196
753,6197
754,6201
755,6202
756,6205
757,6206
758,6209
759,6213
760,6214
761,6215
762,6216
763,6224
764,6226
765,6230
766,6235
767,6239
768,6243
769,6251
770,6257
771,6269
772,6271
773,6277
774,6278
775,6281
776,6282
777,6283
778,6285
779,6288
780,6289
781,6405
782,6409
783,6412
784,6414
785,6415
786,6416
787,6431
788,6438
789,6442
790,6443
791,6449
792,6451
793,6456
794,6464
795,6477
796,6491
797,6504
798,6505
799,6525
800,6531
801,6533
802,6541
803,6552
804,6558
805,6573
806,6579
807,6581
808,6582
809,6591
810,6592
811,6605
812,6625
813,6641
814,6655
815,6666
816,6668
817,6669
818,6670
819,6671
820,6672
821,6674
822,6698
823,6706
824,6715
825,8011
826,8016
827,8021
828,8028
829,8033
830,8039
831,8046
832,8070
833,8072
834,8081
835,8103
836,8104
837,8105
838,8110
839,8112
840,8114
841,8131
842,8150
843,8163
844,8201
845,8210
846,8213
847,8215
848,8222
849,8249
850,8261
851,8271
852,8341
853,8367
854,8374
855,8404
856,8411
857,8422
858,8427
859,8429
860,8442
861,8443
862,8454
863,8462
864,8463
865,8464
866,8466
867,8467
868,8473
869,8478
870,8480
871,8481
872,8482
873,8488
874,8499
875,8926
876,8940
877,8996
878,9103
879,9105
880,9136
881,9188
882,9802
883,9902
884,9904
885,9905
886,9906
887,9907
888,9908
889,9910
890,9911
891,9912
892,9914
893,9917
894,9918
895,9919
896,9921
897,9924
898,9925
899,9926
900,9927
901,9929
902,9930
903,9931
904,9933
905,9934
906,9935
907,9937
908,9938
909,9939
910,9940
911,9941
912,9942
913,9943
914,9944
915,9945
916,9946
917,9955
918,9958
